{"final_val_loss": 3.5726535081863404, "bits_per_byte": 1.3832349655876992, "bytes_per_token": 3.726228462483299, "params": 5268992, "wall_time": 273.76814436912537}