{
  "uninterrupted": {
    "final_val_loss": 2.0286808013916016,
    "wall_time": 70.3849937915802
  },
  "full_resume": {
    "final_val_loss": 2.180479725201925,
    "wall_time": 70.5
  },
  "model_only": {
    "final_val_loss": 2.20706844329834,
    "wall_time": 69.6
  },
  "no_scheduler": {
    "final_val_loss": 1.9139212568600972,
    "wall_time": 70.5
  }
}